ENTITY_NAME,RESOURCE_TYPE,ZONE_NAME
GERDAUWBY-LT.LFA,LOAD,Toronto
GERDAUCAM-LT.LFA,LOAD,Southwest
STELCO-LT.T1_LF,LOAD,Southwest
RIVERGOLD-LT.T1_LF,LOAD,Northeast
IVACO-LT.LFQ,LOAD,Ottawa
ABRASIVE-LT.T1_LF_DRA,LOAD,Niagara
ALLANBURG-LT.ENERCORP_DRA,LOAD,Niagara
ALLANBURG-LT.ENERNOC_DRA,LOAD,Niagara
ALLANBURG-LT.ENPOWINC_DRA,LOAD,Niagara
ALLANBURG-LT.NRGCS_DRA,LOAD,Niagara
ALLANBURG-LT.NRSTORCI_DRA,LOAD,Niagara
ALLANBURG-LT.RODANCI_DRA,LOAD,Niagara
ALLANBURG-LT.VOLTUS_DRA,LOAD,Niagara
BASINRSVC1-LT.BATT_LF,LOAD,Toronto
BASINRSVC2-LT.BATT_LF,LOAD,Toronto
BECK2PGS-LT.APG123_LF,LOAD,Niagara
BECK2PGS-LT.APG456_LF,LOAD,Niagara
BIRMINGHAM-LT.ALIQ_LF1,LOAD,Southwest
BIRMINGHAM-LT.ALIQ_LF2,LOAD,Southwest
BRUCEHWB-LT.T7_LF,LOAD,Bruce
BRUCE-LT.VOLTUS_DRA,LOAD,Bruce
CHATHAM-LT.EDGECOM_DRA,LOAD,West
CHATHAM-LT.EEC_DRA,LOAD,West
CHATHAM-LT.ENERCORP_DRA,LOAD,West
CHATHAM-LT.ENERNOC_DRA,LOAD,West
CHATHAM-LT.ENPOWINC_DRA,LOAD,West
CHATHAM-LT.GCPROJECT_DRA,LOAD,West
CHATHAM-LT.NRGCS_DRA,LOAD,West
CHATHAM-LT.NRSTORCI_DRA,LOAD,West
CHATHAM-LT.RODANBTM_DRA,LOAD,West
CHATHAM-LT.VOLTUS_DRA,LOAD,West
CHERRYWOOD-LT.ASHGROVE_DRA,LOAD,Toronto
CHERRYWOOD-LT.DEMAND_DRA,LOAD,Toronto
CHERRYWOOD-LT.EDGECOM_DRA,LOAD,Toronto
CHERRYWOOD-LT.ENERCORP_DRA,LOAD,Toronto
CHERRYWOOD-LT.ENERNOC_DRA,LOAD,Toronto
CHERRYWOOD-LT.ENPOWINC_DRA,LOAD,Toronto
CHERRYWOOD-LT.GCPOWER_DRA,LOAD,Toronto
CHERRYWOOD-LT.GCPROJECT_DRA,LOAD,Toronto
CHERRYWOOD-LT.NRGCS_DRA,LOAD,Toronto
CHERRYWOOD-LT.NRSTORCI_DRA,LOAD,Toronto
CHERRYWOOD-LT.OHMCONECT_DRA,LOAD,Toronto
CHERRYWOOD-LT.RODANBTM_DRA,LOAD,Toronto
CHERRYWOOD-LT.RODANCI_DRA,LOAD,Toronto
CHERRYWOOD-LT.SOBEYSCI_DRA,LOAD,Toronto
CHERRYWOOD-LT.STEM_DRA,LOAD,Toronto
CHERRYWOOD-LT.VOLTUS_DRA,LOAD,Toronto
COTEGOLDCTS-LT.LOAD-LF_DRA,LOAD,Northeast
DOFASCO-LT.T1_LF_DRA,LOAD,Southwest
DOFASCO-LT.T5_LF,LOAD,Southwest
ELLWOODRSVC-LT.BATT_LF,LOAD,Ottawa
ESSA-LT.AESLNR1_DRA,LOAD,Essa
ESSA-LT.EDGECOM_DRA,LOAD,Essa
ESSA-LT.ENERCORP_DRA,LOAD,Essa
ESSA-LT.ENERNOC_DRA,LOAD,Essa
ESSA-LT.ENPOWINC_DRA,LOAD,Essa
ESSA-LT.GCPROJECT_DRA,LOAD,Essa
ESSA-LT.NRGCS_DRA,LOAD,Essa
ESSA-LT.NRSTORCI_DRA,LOAD,Essa
ESSA-LT.VOLTUS_DRA,LOAD,Essa
FALCONBRSM-LT.AT1_LF,LOAD,Northeast
FESTIVARSVC1-LT.BATT_LF,LOAD,Southwest
FESTIVARSVC2-LT.BATT_LF,LOAD,Southwest
FESTIVARSVC3-LT.BATT_LF,LOAD,Southwest
FESTIVARSVC4-LT.BATT_LF,LOAD,Southwest
FLAKEBOARD-LT.TT_LF_DRA,LOAD,Northeast
GERDAUCAM-LT.LFB_DRA,LOAD,Southwest
GERDAUCAM-LT.T3_LF,LOAD,Southwest
GERDAUWBY-LT.T3_LF,LOAD,Toronto
GODERICH-LT.STRG_LF,LOAD,Southwest
GRUBSTAKE-LT.T1_LF_DRA,LOAD,Northwest
HANMER-LT.DEMAND_DRA,LOAD,Northeast
HANMER-LT.EDGECOM_DRA,LOAD,Northeast
HANMER-LT.ENERCORP_DRA,LOAD,Northeast
HANMER-LT.ENERNOC_DRA,LOAD,Northeast
HANMER-LT.ENPOWINC_DRA,LOAD,Northeast
HANMER-LT.MCEWEN_DRA,LOAD,Northeast
HANMER-LT.NRGCS_DRA,LOAD,Northeast
HANMER-LT.NRGPEAKS_DRA,LOAD,Northeast
HANMER-LT.RODANCI_DRA,LOAD,Northeast
HANMER-LT.VOLTUS_DRA,LOAD,Northeast
HAWTHORNE-LT.EDGECOM_DRA,LOAD,Ottawa
HAWTHORNE-LT.ENERCORP_DRA,LOAD,Ottawa
HAWTHORNE-LT.ENERNOC_DRA,LOAD,Ottawa
HAWTHORNE-LT.ENPOWINC_DRA,LOAD,Ottawa
HAWTHORNE-LT.GCPROJECT_DRA,LOAD,Ottawa
HAWTHORNE-LT.NRGCS_DRA,LOAD,Ottawa
HAWTHORNE-LT.VOLTUS_DRA,LOAD,Ottawa
ICESPRINGS-LT.M1_LF,LOAD,Southwest
IVACO-LT.ALF,LOAD,Ottawa
JBLCAN-LT.T1_LF_DRA,LOAD,Niagara
KENILWORTH-LT.LF8X_DRA,LOAD,Southwest
KIMBERCLARK-LT.TT_LF_DRA,LOAD,Northwest
KITCHENERSVC-LT.BATT_LF,LOAD,Southwest
LAKEHEAD-LT.VOLTUS_DRA,LOAD,Northwest
LENNOX-LT.EDGECOM_DRA,LOAD,East
LENNOX-LT.ENERCORP_DRA,LOAD,East
LENNOX-LT.ENERNOC_DRA,LOAD,East
LENNOX-LT.ENPOWINC_DRA,LOAD,East
LENNOX-LT.NRGCS_DRA,LOAD,East
LENNOX-LT.NRGPEAKS_DRA,LOAD,East
LENNOX-LT.NRSTORCI_DRA,LOAD,East
LENNOX-LT.RODANBTM_DRA,LOAD,East
LENNOX-LT.VOLTUS_DRA,LOAD,East
MCMASTER-LT.T1_LF_DRA,LOAD,Southwest
MIDDLEPORT-LT.AESLNR1_DRA,LOAD,Southwest
MIDDLEPORT-LT.EDGECOM_DRA,LOAD,Southwest
MIDDLEPORT-LT.ENERCORP_DRA,LOAD,Southwest
MIDDLEPORT-LT.ENERNOC_DRA,LOAD,Southwest
MIDDLEPORT-LT.ENPOWINC_DRA,LOAD,Southwest
MIDDLEPORT-LT.GCPROJECT_DRA,LOAD,Southwest
MIDDLEPORT-LT.HCE_DRA,LOAD,Southwest
MIDDLEPORT-LT.NRGCS_DRA,LOAD,Southwest
MIDDLEPORT-LT.NRSTORCI_DRA,LOAD,Southwest
MIDDLEPORT-LT.OPG_DRA,LOAD,Southwest
MIDDLEPORT-LT.RODANBTM_DRA,LOAD,Southwest
MIDDLEPORT-LT.RODANCI_DRA,LOAD,Southwest
MIDDLEPORT-LT.STELCO_DRA,LOAD,Southwest
MIDDLEPORT-LT.STEM_DRA,LOAD,Southwest
MIDDLEPORT-LT.UOG_DRA,LOAD,Southwest
MIDDLEPORT-LT.VOLTUS_DRA,LOAD,Southwest
PATRICKSTEEL-LT.T6_LF_DRA,LOAD,Northeast
PICTON-LT.ESSROC_DRA,LOAD,East
RAINYRIVGLD-LT.LF_DRA,LOAD,Northwest
SAULTRSVC-LT.BATT_LF,LOAD,Northeast
SPRUCEFLSPP-LT.AT789_LF,LOAD,Northeast
STELCO-LT.T1_LF_DRA,LOAD,Southwest
TBAYBOWATER-LT.AT2_LF_DRA,LOAD,Northwest
THOROLDAB-LT.LFB,LOAD,Niagara
TRADERSBLVD-LT.L1_LF,LOAD,Toronto
TWINNEY1-LT.BATT_LF,LOAD,Essa
TWINNEY2-LT.BATT_LF,LOAD,Essa
UNIAVEPG-LT.L1_LF,LOAD,East
WEYERHAEUSER-LT.T1_LF_DRA,LOAD,Northwest
AGIMAKDS-LT.TT_LF,LOAD,Northwest
AGINCOURT-LT.LFBY,LOAD,Toronto
ALANBRG28KV-LT_H1,LOAD,Niagara
ALBION-LT.LFBJQY,LOAD,Ottawa
ALCOCAN-LT.TT1_LF,LOAD,East
ALLISTON-LT.LFT2,LOAD,Essa
ALMONTE-LT.LFJQ,LOAD,East
BARRICK-LT.T1_LF,LOAD,Northeast
ARDOCH-LT.T1_LF,LOAD,East
ARLEN-LT.T1_LF,LOAD,Southwest
ARNPRIOR-LT.TT1_LF,LOAD,East
ASITUBE-LT.T1_LF,LOAD,Northeast
ATLANTIC-LT.LFBY,LOAD,Toronto
ATLASTEEL-LT.T23,LOAD,Niagara
ATTAWAPISKAT-LT.T3_LF,LOAD,Northeast
AYLMER-LT.TT_LF,LOAD,West
BALMERCTS-115.T1_LFA,LOAD,Northwest
BARRIE-LT.LFEQ12,LOAD,Essa
BARWICK-LT.LFBY,LOAD,Northwest
BASIN-LT.TT1_LF,LOAD,Toronto
BATCHAWANA-LT.T1_LF,LOAD,Northeast
BATHURST-LT.LFBJQY,LOAD,Toronto
BATTERSEA-LT.TT12_LF,LOAD,East
BAYER-LT.LFBY,LOAD,West
BEAMSVLE-LT_PENWEST,LOAD,Niagara
BEARDMORE-LT.T12,LOAD,Northwest
BEAVERTON-LT.LFJQ,LOAD,Essa
BELLCREEK-LT.TT_LF,LOAD,Northeast
BELLERIVERTS-LT.LFBQ,LOAD,West
BELLEVLE-LT.LFBY,LOAD,East
BERMONDSEY-LT.LFBJQY,LOAD,Toronto
BILBERYCREEK-LT.T12,LOAD,Ottawa
BIRCH-LT.T2_LF,LOAD,Northwest
BIRMINGHAM-LT.LFBDKY1234,LOAD,Southwest
BLOOMSBURG-LT_LF,LOAD,Southwest
BRAMALEA-LT.LFBY,LOAD,Toronto
BRAMALEA-LT.LFEZ,LOAD,Toronto
BRAMALEA-LT.LFJQ,LOAD,Toronto
BRANTFORD-LT.LFYZ,LOAD,Southwest
BRANT-LT.TT13_LF,LOAD,Southwest
BRIDGMAN-LT.LFJ,LOAD,Toronto
BRIDLEWOOD-LT.TT_LF,LOAD,Ottawa
BROCKVLE-LT.LFBQ,LOAD,East
BRONTE-LT.T7_LF,LOAD,Southwest
BROWNHILL-LT.LFB,LOAD,Essa
BUCHANANDESN-LT.LFBY,LOAD,West
BUNTING-LT.T3_LF,LOAD,Niagara
BURLEIGH-LT.T1_LF,LOAD,Northwest
BURLNGTNDESN-LT.LFBJQY,LOAD,Southwest
BUTTONVLE-LT.LFQZ,LOAD,Toronto
CALEDONIA-LT_HALD,LOAD,Southwest
CALSTOCKDS-LT.T1A_LF,LOAD,Northeast
CAMBRIAN-LT.TOTAL_LOAD,LOAD,East
CAMBRIDGE1-LT.LFJZ,LOAD,Southwest
CAMPBELL-LT.LFBEJQYZ,LOAD,Southwest
CARDIFF-LT.LFBQ,LOAD,Toronto
CARDINAL-115.T3_LF,LOAD,East
CARLAW-LT.T1_LF,LOAD,Toronto
CARLING-LT.TT15_LF,LOAD,Ottawa
CARLTON-LT.T1_LF,LOAD,Niagara
CATLAKE-LT.T1_LF,LOAD,Northwest
CAVANAGH-LT.LFJQ,LOAD,Toronto
CECIL-LT.TT1_LF,LOAD,Toronto
CEDAR-LT.TT1_LF,LOAD,Southwest
CENTRALIA-LT.TT_LF,LOAD,Southwest
CENTREPOINT-LT.T12,LOAD,Ottawa
CHALKRIVER-LT.T1234,LOAD,Essa
CHAPLEAU-LT.T2_LF,LOAD,Northeast
CHAPLEAU-LT.TT_LF,LOAD,Northeast
CHARLES-LT.TT_LF,LOAD,Toronto
CHERRYWOOD-LT.LFBY,LOAD,Toronto
CHESTERVL-LT.T1_LF,LOAD,East
CHRYSLER-LT.T1_LF,LOAD,West
CHURCHLLMED-LT.T1_LFB,LOAD,Toronto
CLARABELLE-LT_H1,LOAD,Northeast
CLARENCE-LT.T1_LF,LOAD,Ottawa
CLARKE-LT.LFBY,LOAD,West
CLEARWATRBAY-LT.T1_LF,LOAD,Northwest
CNP18-LT.T1_LF,LOAD,Niagara
COBDEN-LT.T3_LF,LOAD,East
COBDEN-LT.T12,LOAD,East
COCHRANEMS-LT.TT_LF,LOAD,Northeast
COCHRANEWEST-LT.T1_LF,LOAD,Northeast
COMMERCEWAY-LT.T1_LB,LOAD,Southwest
CONSTANCE-LT.TT_LF,LOAD,Southwest
COOKSVLE-LT.LFEJQZ,LOAD,Toronto
COPELAND-LT.LFT1,LOAD,Toronto
COTEGOLDCTS-LT.LOAD-LF,LOAD,Northeast
CRAWFORD-LT.LFEY,LOAD,West
CROSBY-LT.LFABY,LOAD,East
CROWLAND-LT.T5_LF,LOAD,Niagara
CROWRIVERDS-LT.TT_LF,LOAD,Northwest
CRYSTALFALLS-LT.LFEZ,LOAD,Northeast
CUMBERLAND-LT.LFBQ,LOAD,Southwest
CUMBERLAND-LT.TT12_LF,LOAD,Ottawa
CYANAMIDCAN-LT.T1_LF,LOAD,Niagara
CYRVILLE-LT.LFJQ,LOAD,Ottawa
DEEPRIVER-LT.TT_H1,LOAD,Essa
DESJCHMSDS-LT.T1_LF,LOAD,Essa
DETOUR-LT.T2_LF,LOAD,Northeast
DOBBINDS-LT.T1_LF,LOAD,East
DOBBIN-LT.LFB,LOAD,East
GOLDCORP-LT.T1_LF,LOAD,Northeast
DOUGLASPTTS-LT.T34,LOAD,Bruce
DRYDEN-LT.T1_LF,LOAD,Northwest
DUART-LT.LFBY,LOAD,West
DUFFERIN-LT.T1_LF,LOAD,Toronto
DUNDAS-LT.T5_LF,LOAD,Southwest
DUNDAS-LT.T6_LF,LOAD,Southwest
DUNDAS-LT.T1_LF,LOAD,Southwest
DUNNVLE-LT_H1,LOAD,Niagara
DUPLEX-LT.T1_LF,LOAD,Toronto
DYMOND-LT.T34,LOAD,Northeast
EARFALLS-LT.LF_T5,LOAD,Northwest
ECHORIVER-LT.T1_LF,LOAD,Northeast
DOMTRESPNOLA-LT.AT123_LF,LOAD,Northeast
EDDYNAIRN-LT.T1_LF,LOAD,Northeast
EDGEWARE-LT.BY,LOAD,West
ELGIN-LT.T1_LF,LOAD,Southwest
ELLESMERE-LT.LFJQ,LOAD,Toronto
ELLIOTLAKE-LT.T1_LF,LOAD,Northeast
ELLWOOD-LT.LFJQ,LOAD,Ottawa
ELMIRA-LT.BATT_LF,LOAD,Southwest
ELMIRA-LT.T12,LOAD,Southwest
ENFIELD-LT.T5_LB,LOAD,Toronto
EPWORTH-LT.T12,LOAD,Ottawa
ERINDALE-LT.LFBEJQYZ,LOAD,Toronto
ESPANOLA-LT.TT_LF,LOAD,Northeast
ESPLANADE-LT.TT_LF,LOAD,Toronto
ESSEX-LT.LFB1,LOAD,West
ETONDS-LT.T1_LF,LOAD,Northwest
EVERETT-LT.LFBY,LOAD,Essa
FAIRBANK-LT.TT1_LF,LOAD,Toronto
FAIRCHILD-LT.LFBJQY,LOAD,Toronto
FALCONBRNRM-LT.T1_LF,LOAD,Northeast
FALLOWFIELD-LT.TT_LF,LOAD,Ottawa
FAUQUIER-LT.T1_LF,LOAD,Northeast
FERGUS-LT.LFBY,LOAD,Southwest
FESTIVALMTS1-LT.LJ,LOAD,Southwest
FFMS-LT.T1_LF,LOAD,Northwest
FINCH-LT.LFBJQY,LOAD,Toronto
FORDANEX-LT.T1_LF,LOAD,West
FORDCTS-LT.T1_LF,LOAD,West
FORDEEP-LT.LFAB,LOAD,West
FORDOAKVLE-LT.LFAB,LOAD,Toronto
FORESTJURA-LT.TT_LF,LOAD,West
FORESTLEA-LT.T12,LOAD,Essa
FORTALBANY-LT.T1_LF,LOAD,Northeast
FORTWILLIAM-LT.T5_LF,LOAD,Northwest
FRONTENAC-LT.T1_LF,LOAD,East
GAGE-LT.TT1_LF,LOAD,Southwest
GALT-LT.LFJY,LOAD,Southwest
GARDINER-LT.LFBJQY,LOAD,East
OXYVINYLS-LT.T1_LF,LOAD,Niagara
GERRARD-LT.TT1_LF,LOAD,Toronto
GLENDALE-LT.TT1_LF,LOAD,Niagara
GLENGROVE-LT.TT1_LF,LOAD,Toronto
GLENORCHY1-LT.T1_LF,LOAD,Southwest
GLOUCESTER-LT.T12,LOAD,Ottawa
GMCTS-LT.T1_LF,LOAD,West
GOREWAY-LT.LFBYZ,LOAD,Toronto
GOREWAY-LT.LFJ,LOAD,Toronto
GOREWAY-LT.LFQ,LOAD,Toronto
GOULAISBAY-LT.T1_LF,LOAD,Northeast
GRDEAST-LT.T1_LF,LOAD,Southwest
GREELYDS-LT.TT_LF,LOAD,Ottawa
GRNDMOE-LT.T1_LF,LOAD,Southwest
GTAA-LT.LF_M12,LOAD,Toronto
GTAA-LT.M4546,LOAD,Toronto
HALEYIND-LT.T1_LF,LOAD,East
HALTON-LT.LFJQ,LOAD,Southwest
HALTONMTS1-LT.LFJZ,LOAD,Southwest
HAMBEACH-LT.T3_LF,LOAD,Southwest
HAMLAKE-LT.LFBJQY,LOAD,Southwest
HAMNEBO-LT.LFBY,LOAD,Southwest
HAMNEBO-LT.LFJQ,LOAD,Southwest
HANLON-LT.T1_LF,LOAD,Southwest
HANOVER-LT.T12,LOAD,Southwest
HARROWSMITH-LT.T12,LOAD,East
HAVELOCK-LT.LFBY,LOAD,East
HAWKESBURY-LT.TT12_LF,LOAD,Ottawa
HAWTHORNE-LT.LFB,LOAD,Ottawa
HEARST-LT_H1,LOAD,Northeast
HERRIDGELAKE-LT.T1_LF,LOAD,Northeast
HIGHBURY-LT.TT_LF,LOAD,West
HINCHEY-LT.T3_LF,LOAD,Ottawa
HINCHINBROOK-LT.T1,LOAD,East
HOLLAND-LT.T1_LFB,LOAD,Essa
HORNER-LT.LFBEJQYZ,LOAD,Toronto
HORNING-LT.LFB1,LOAD,Southwest
HOYLE-LT.T1_LF,LOAD,Northeast
IBM-LT.LFBY,LOAD,Toronto
IMPERIAL-LT.T1_LF,LOAD,West
IMPERIALNANT-LT.LFT1,LOAD,Southwest
INCOC2P-LT.T1_LF,LOAD,Niagara
INGERSOLL-LT.LFEZ,LOAD,Southwest
ENBRCARDINAL-LT.T1_LF,LOAD,East
ENBRHILTON-LT.T1_LF,LOAD,East
ENWESTNORTH-LT.T1_LF,LOAD,Southwest
ENBRYANSTON-LT.T1_LF,LOAD,Southwest
IROQUODS-LT.T12,LOAD,Northeast
IVACO-LT.LFY,LOAD,Ottawa
JARVIS-LT.T34,LOAD,Southwest
JELLICO-LT.T1_LF,LOAD,Northwest
JIMYARROW-LT.LFA,LOAD,Toronto
JOHN-LT.T2_LF,LOAD,Toronto
JPII1-LT.BATT_LF,LOAD,West
KALAR-LT.T1_LF,LOAD,Niagara
KANATA-LT.T1_LF,LOAD,Ottawa
KAPUSKASING-LT.T5_LF,LOAD,Northeast
KASHECHEWAN-LT.T2_LF,LOAD,Northeast
KEEWATIN-LT.LF,LOAD,Northwest
KEITH-LT.LFBY,LOAD,West
KENORAGS-LT.T1_LF,LOAD,Northwest
KENORAMS-LT.TT_LF,LOAD,Northwest
KENT-LT.LFBEYZ,LOAD,West
KEYSER-LT.T2_LF,LOAD,West
KIDDCREEK-LT.ALF,LOAD,Northeast
KIDDCREEKM-LT.AT123_LF,LOAD,Northeast
KINGEDWARD-LT.T3_LF,LOAD,Ottawa
KINGFISHER-LT.J_66999-LF,LOAD,Northwest
KINGSVILLE-LT.T1_LF,LOAD,West
KINROSS-LT.T1_LF,LOAD,Northeast
KITCHENER3-LT.T6_LF,LOAD,Southwest
KITCHENER4-LT.T7_LF,LOAD,Southwest
KITCHENER8-LT.T15_LF,LOAD,Southwest
KITCHENR9-LT.LF111,LOAD,Southwest
KITCHENR9-LT.LF112,LOAD,Southwest
KITCHENR1-LT.T12,LOAD,Southwest
KITCHENR7-LT.T1_LF,LOAD,Southwest
KITCHNRMS-LT.T9_LF,LOAD,Southwest
KLEINBURG-LT.BJQY,LOAD,Toronto
LACDESILES-LT.T1_LF,LOAD,Northwest
LAFARGE-LT.T1_LFA,LOAD,East
WDSTOCKLFRGE-LT.T3_LF,LOAD,West
LAFORESTRDDS-LT.TT_LF,LOAD,Northeast
LAMBTON-LT.LFDJQY,LOAD,West
LARCHWOOD-LT.T2_LF,LOAD,Northeast
LAUZON-LT.LFBEJQ,LOAD,West
LEAMINGTON-LT.LFB,LOAD,West
LEASIDE-LT.LFB,LOAD,Toronto
LESLIE-LT.LFBJQY,LOAD,Toronto
LIMEBANK-LT.LFJQ12,LOAD,Ottawa
LINCOLNHTS-LT.T1_LF,LOAD,Ottawa
LINDSAY-LT.LFBY,LOAD,Essa
LISGAR-LT.T1_LF,LOAD,Ottawa
LODGEROOM-LT.T12,LOAD,East
LONGLAC-LT.T3_LF,LOAD,Northwest
LONGUEUIL-LT.LFJQ,LOAD,Ottawa
LONGWOODESN-LT.LFJQ,LOAD,West
LORNEPARK-LT.LFBJ,LOAD,Toronto
MACASSA-LT.T12,LOAD,Northeast
MAINS-LT.T3_LF,LOAD,Toronto
MAITLAND-LT.TT_LF,LOAD,East
MALDEN-LT_ENWIN,LOAD,West
MALVERN-LT.LFJQ,LOAD,Toronto
MANBYW-LT.LFB,LOAD,Toronto
MANITOUWADS-LT.T1_LF,LOAD,Northwest
MANITOULIN-LT.TT_LF,LOAD,Northeast
MANITOUWATS-LT.T1_LF,LOAD,Northwest
MANORDALE-LT.T12,LOAD,Ottawa
MANOTICK-LT.T12,LOAD,Ottawa
MARATHONDS-LT.T2_LF,LOAD,Northwest
MARCHWOOD-LT.T12,LOAD,Ottawa
MARGACH-LT.TT_LF,LOAD,Northwest
MARIONVLE-LT.T1_LF,LOAD,Ottawa
MARKHAM1-LT.LFBY,LOAD,Toronto
MARKHAM2-LT.LFJQ,LOAD,Toronto
MARKHAM3-LT.LFEJYZ,LOAD,Toronto
MARKHAM4-LT.LFPR,LOAD,Toronto
MARTINDALE-LT.LFJ,LOAD,Northeast
MASSEY-LT.T1_LF,LOAD,Northeast
MATTABI-LT.TT_LF,LOAD,Northwest
MATTAWADS-LT.LFB,LOAD,Northeast
MAZINAW-LT.LFT1,LOAD,East
MEADOWVALE-LT.LFEZ,LOAD,Southwest
MEAFORD-LT.T12,LOAD,Southwest
MERIVALE-LT.T1_LF,LOAD,Ottawa
MIDHURST-LT.LFBY,LOAD,Essa
MIDHURST-LT_BARRIE,LOAD,Essa
MINAKIDS-LT.TT_LF,LOAD,Northwest
MINDEN-LT.LF3,LOAD,Essa
MODELAND-LT.LFJQ,LOAD,West
MOE-LT.T1_LF,LOAD,Southwest
MOHAWK-LT.T1_LF,LOAD,Southwest
MONTEITH-LT.T1_LF,LOAD,Northeast
MOOSONEE-LT.TT_LF,LOAD,Northeast
MORRISBURG-LT.T1_LF,LOAD,East
MOULTON-LT.TT_LF,LOAD,Ottawa
MTNCHUTEDS-LT.17T1_LF,LOAD,East
MURILLO-LT.T1_LF,LOAD,Northwest
MURRAY-LT_H1DIST,LOAD,Niagara
MURRAY-LT_NFHEC,LOAD,Niagara
MUSKOKA-LT.LFBY,LOAD,Essa
NAPANEE-LT.T12,LOAD,East
NATIONALAERO-LT.T1_LF,LOAD,Ottawa
NAVAN-LT.T12,LOAD,Ottawa
NEELONSTEEL-LT.TT_LF,LOAD,Northeast
NELSON-LT.TT_LF,LOAD,West
NEPEAN-LT.LFJQ,LOAD,Ottawa
NESTORFALLS-LT.T1_LF,LOAD,Northwest
NEWINGTON-LT.T1_LF,LOAD,East
NEWTON-LT.TT_LF,LOAD,Southwest
NIAGARALAKE-LT.T1_LF,LOAD,Niagara
NIAGARAWEST-LT.LFBY,LOAD,Southwest
NIPIGON-LT.24T1_LF,LOAD,Northwest
GECO-LT.T1_LF,LOAD,Northwest
NORFOLK-LT.T12,LOAD,Southwest
NORTHAVE-LT.T2_LF,LOAD,Northeast
NORTHBAY-LT.TT_LF,LOAD,Northeast
NORTHBROOK-LT.T1_LF,LOAD,East
NORTHSHORE-LT.T1_LF,LOAD,Northeast
NOTL1-LT.T1_LF,LOAD,Niagara
NOVACORUNNA-LT.LFAB,LOAD,West
NOVAMOORE-LT.LFAB,LOAD,West
NOVASTCLAIR-LT.LFB,LOAD,West
NTLRESEARCH-LT.TT_LF,LOAD,Ottawa
NUTRITE-LT.T1_LF,LOAD,East
OAKVLE-LT.LFEZ,LOAD,Toronto
ONAKAWANA-LT.T1_LF,LOAD,Northeast
ORANGEVLE-LT.LFBEYZ,LOAD,Southwest
ORILLIA-LT.LFBY,LOAD,Essa
ORLEANSTS-LT.T1_LFQ,LOAD,Ottawa
OSHAWAGM2-LT.LFABCD,LOAD,Toronto
OTONABEE-LT.LFBJQY,LOAD,East
OVERBROOK-LT.T2_LF,LOAD,Ottawa
OWENSOUND-LT.LFJQ,LOAD,Southwest
PALERMO-LT_BURL,LOAD,Southwest
PALMERSTON-LT.TT_LF,LOAD,Southwest
PARRYSOUND-LT.BATT_LF,LOAD,Essa
PEMBROKE-LT_H1,LOAD,East
PERAULTFALLS-LT.T1_LF,LOAD,Northwest
PETAWACRAIG-LT.TT_LF,LOAD,Essa
PETAWAWA-LT.T12,LOAD,Essa
PICDS-LT.TT_LF,LOAD,Northwest
PICKERINGA-LT.UPT1_LF,LOAD,Toronto
PICTON-LT.T12,LOAD,East
PLEASANT-LT.LFBEFJQVYZ,LOAD,Toronto
PORTARTHUR-LT.T1_LF,LOAD,Northwest
PORTCOLBORNE-LT.TT6162,LOAD,Niagara
PORTHOPE-LT.T1_LF,LOAD,East
POWERLINE-LT.LFB,LOAD,Southwest
POWERLINE-LT.LFY,LOAD,Southwest
PRESTON-LT.LFJQ,LOAD,Southwest
PUSLINCH-LT.T12,LOAD,Southwest
RAMORE-LT.T1_LF,LOAD,Northeast
REDLAKE-LT.TT21_LF,LOAD,Northwest
REDROCKDS-LT.T1_LF,LOAD,Northwest
CARMEUSELIME-LT.T1_LF,LOAD,Northeast
RENISON-LT.T1_LF,LOAD,Northeast
RICHMOND1-LT.LFAB,LOAD,Toronto
RICHMOND-LT.T1_LF,LOAD,Ottawa
RICHVIEW-LT.LFBEJY,LOAD,Toronto
RIVERDALE-LT.T2_LF,LOAD,Ottawa
ROCKLANDEAST-LT.TT12_L,LOAD,Ottawa
ROCKLAND-LT.T1_LF,LOAD,Ottawa
RUNNYMEDE-LT.T3_LF,LOAD,Toronto
RUSH-LT.T12,LOAD,Southwest
RUSSELLDS-LT.TT12_LF,LOAD,Ottawa
RUSSELL-LT.T1_LF,LOAD,Ottawa
SAMLAKE-LT.T1_LF,LOAD,Northwest
SAPAWE-LT.T12,LOAD,Northwest
SCARBORO-LT.LFBJQY,LOAD,Toronto
SCHEIFELE-LT.LFBEJQZ,LOAD,Southwest
SCHREIBER-LT.T1_LF,LOAD,Northwest
SEAFORTH-LT.T12,LOAD,Southwest
SEATON-LT.ELEXICON_LF,LOAD,Toronto
SHABAQUA-LT.T1_LF,LOAD,Northwest
SHARBOT-LT.T1_LF,LOAD,East
SHELL-LT.LFAB,LOAD,West
SHEPPARD-LT.LFEJKLQZ,LOAD,Toronto
SHININGTREE-LT.25T1_S_LF,LOAD,Northeast
SIDNEY-LT.T1_LF,LOAD,East
SIOUXNARROWS-LT.TT_LF,LOAD,Northwest
SLATEFALLS-LT.T1_LF,LOAD,Northwest
SLATER-LT.T1_LF,LOAD,Ottawa
SMITHSFALLS-LT.LFJY,LOAD,East
SMOOTHROCK-LT.TT_LF,LOAD,Northeast
SOUTHMARCH-LT.LFQY,LOAD,Ottawa
SOUTHMIDDLRD1-LT.LFJ,LOAD,West
SOUTHMIDDLRD1-LT.LFQ,LOAD,West
SOWERBY-LT.T1_LF,LOAD,Northeast
SPANISH-LT.T1_LF,LOAD,Northeast
SPRUCEFALLS-LT.T1_LF,LOAD,Northeast
STANDREW-LT.TT_LF,LOAD,West
STANLEY-LT.T1_LF,LOAD,Niagara
STAYNER-LT.T4_LFY,LOAD,Essa
STATION17-LT.TB1_LF,LOAD,Niagara
STEWARTVLE-LT.T67,LOAD,East
STIRTON-LT.T1_LF,LOAD,Southwest
STISIDORE-LT.LFB,LOAD,Ottawa
STLAWRENCE-LT.LFJQ,LOAD,East
STMARYCMNT-LT.T1_LF,LOAD,Southwest
STMARY-LT.TT_LF,LOAD,Southwest
STMARYS-LT.TT_LF,LOAD,Northeast
STRACHAN-LT.TT1_LF,LOAD,Toronto
STRATFORD-LT.LFBY,LOAD,Southwest
STRATHCONA-LT.LFB1234567,LOAD,Northeast
STRATHROY-LT.TT_LF,LOAD,West
STRIKER-LT.TT_LF,LOAD,Northeast
STURGEONFALL-LT.LFB,LOAD,Northwest
SUNCANADIAN-LT.T1_LF,LOAD,West
SUNOCO-LT.T1_LF,LOAD,West
TALBOT-LT.LFBJQY,LOAD,West
TCPLBRACEB-LT.LF_HONI,LOAD,Essa
TCPLVERMIL-LT.LF123,LOAD,Northwest
TCPP4S-LT.T1_LF,LOAD,East
TCPQ6S-LT.TT_LF,LOAD,East
TERAULEY-LT.T1_LF,LOAD,Toronto
TERRYFOX-LT.LFJQ,LOAD,East
THORNTON-LT.LFBY,LOAD,Toronto
THOROLDACI-LT.T61_LF,LOAD,Niagara
THOROLD-LT.T1_LF,LOAD,Niagara
TILBURYWEST-LT_H1,LOAD,West
TILLSONBURG-LT.TT_LF,LOAD,West
TEMAGAMI-LT.T1_LF,LOAD,Northeast
TIMMINS-LT.T62_LF,LOAD,Northeast
TIMWESTMINE-LT.T1,LOAD,Northeast
TOMKEN-LT.LFBEYZ,LOAD,Toronto
TOYOTAWDSTCK-LT.LFJQ,LOAD,Southwest
TRAFALGRDESN-LT.LFBY,LOAD,Southwest
TREMAINE-LT.LFBY,LOAD,Southwest
TROUTLAKE-LT.LFBY,LOAD,Northeast
UPLANDS-LT.TOTAL_LOAD,LOAD,Ottawa
VALORA-LT.T1_LF,LOAD,Northwest
VANSICKLE-LT.T5_LF,LOAD,Niagara
VAUGHAN1-LT.LFABCD,LOAD,Toronto
VAUGHAN2-LT.LFAB,LOAD,Toronto
VAUGHAN3-LT.LFA,LOAD,Toronto
VAUGHAN4-LT.LFA,LOAD,Toronto
VERMILLION-LT.T1_LF,LOAD,Northwest
VERNER-LT.TT_LF,LOAD,Northeast
VICTORIAMINE-LT.TT_LF,LOAD,Northeast
VINELAND-LT_PENWEST,LOAD,Niagara
VOYAGEUR-LT.T1_LF,LOAD,Northwest
WALKER-LT.LFBY,LOAD,West
WALKER-LT.LFEQ,LOAD,West
WALLACEBURG-LT.TT_LF,LOAD,West
WALLACE-LT.LFQY,LOAD,Essa
WANSTEAD-LT.T1_LF,LOAD,West
WARDEN-LT.LFJQ,LOAD,Toronto
WARREN-LT.TT_LF,LOAD,Northeast
WATERLOO3-LT.T1_LF,LOAD,Southwest
WAUBAUSHENE-LT.T56,LOAD,Essa
WENDOVER-LT.T12,LOAD,Ottawa
WESTONLAKE-LT.T1_LF,LOAD,Northeast
WHARNCLIFFE-LT.T1_LF,LOAD,Northeast
WHITBY-LT.LFBEJQYZ,LOAD,Toronto
WHITEFISH-LT.T1_LF,LOAD,Northeast
WHITERIVER-LT.TT_LF,LOAD,Northwest
WILHAVEN-LT.T12,LOAD,Ottawa
WILIAMS-LT.TT_LF,LOAD,Northwest
WILMOT-LT.LF111,LOAD,Southwest
WILTSHIRE-LT.TT1_LF,LOAD,Toronto
WINGHAM-LT.LFBY,LOAD,Southwest
WINONA-LT.T1_LF,LOAD,Southwest
WINSTON-LT.T1_LF,LOAD,Northwest
WOLVERTON-LT.TT_LF,LOAD,Southwest
WONDERLAND-LT.LFBY,LOAD,West
WOODBRIDGE-LT_VAUG,LOAD,Toronto
WOODROFFE-LT.TT13_LF,LOAD,Ottawa
WOODSTOCK-LT_WOOD,LOAD,Southwest
ABITIBISF-LT.AG_T1,GEN,Northeast
ABKENORA-LT.AG,GEN,Northwest
ADELAIDE-LT.AG_T1,GEN,Bruce
AGUASABON-LT.AG12,GEN,Northwest
ALEXANDER-LT.AG_T1,GEN,Northwest
ALEXANDER-LT.AG_T2,GEN,Northwest
ALEXANDER-LT.AG_T3,GEN,Northwest
ALEXANDER-LT.AG_T4,GEN,Northwest
AMARANTH-LT.AG_T1,GEN,Southwest
AMARANTH-LT.AG_T2,GEN,Southwest
AMARANTH-LT.FA11,GEN,Southwest
AMHERSTCGS-LT.AG_T1,GEN,East
ANDREWS-LT.AG12,GEN,Northeast
ANDREWS-LT.G3,GEN,Northeast
APIROQFALLS-LT.AG4,GEN,Northeast
ARMOW-LT.AG_T1T2,GEN,Southwest
ARNPRIOR-LT.AG12,GEN,East
ATIKOKAN-LT.G1,GEN,Northwest
AUBREYFALLS-LT.G1,GEN,Northeast
AUBREYFALLS-LT.G2,GEN,Northeast
AUXSAUBLE-LT.G1,GEN,Northeast
BARRETT-LT.AG13,GEN,East
BARRETT-LT.AG24,GEN,East
BECK1-LT.G1,GEN,Niagara
BECK1-LT.G10,GEN,Niagara
BECK1-LT.G2,GEN,Niagara
BECK1-LT.G3,GEN,Niagara
BECK1-LT.G4,GEN,Niagara
BECK1-LT.G5,GEN,Niagara
BECK1-LT.G6,GEN,Niagara
BECK1-LT.G7,GEN,Niagara
BECK1-LT.G8,GEN,Niagara
BECK1-LT.G9,GEN,Niagara
BECK2-LT.AG1112,GEN,Niagara
BECK2-LT.AG1314,GEN,Niagara
BECK2-LT.AG1516,GEN,Niagara
BECK2-LT.AG1718,GEN,Niagara
BECK2-LT.AG1920,GEN,Niagara
BECK2-LT.AG2122,GEN,Niagara
BECK2-LT.AG2324,GEN,Niagara
BECK2-LT.AG2526,GEN,Niagara
BECK2PGS-LT.APG123,GEN,Niagara
BECK2PGS-LT.APG456,GEN,Niagara
BELLERVRWF-LT.AG_T1,GEN,West
BIRCHMNT-LT.G1,GEN,Toronto
BLAKEWF-LT.AG_T1,GEN,Southwest
BORNISH-LT.AG_T1,GEN,Bruce
BOWLAKEWF-LT.AG_1,GEN,Northeast
BOWLAKEWF-LT.AG_2,GEN,Northeast
BOWLAKEWF-LT.AG_3,GEN,Northeast
BRIGHTONCGS-LT.AG1-1B,GEN,West
BRIGHTONCGS-LT.G1A,GEN,West
BRUCE-LT.G1,GEN,Bruce
BRUCE-LT.G2,GEN,Bruce
BRUCE-LT.G3,GEN,Bruce
BRUCE-LT.G4,GEN,Bruce
BRUCE-LT.SG1,GEN,Bruce
BRUCE-LT.SG2,GEN,Bruce
BRUCE-LT.SG3,GEN,Bruce
BRUCE-LT.SG4,GEN,Bruce
BRUCEB-LT.G5,GEN,Bruce
BRUCEB-LT.G6,GEN,Bruce
BRUCEB-LT.G7,GEN,Bruce
BRUCEB-LT.G8,GEN,Bruce
BRUCEB-LT.SG5,GEN,Bruce
BRUCEB-LT.SG6,GEN,Bruce
BRUCEB-LT.SG7,GEN,Bruce
BRUCEB-LT.SG8,GEN,Bruce
BUROAK-LT.G3,GEN,Toronto
CALMLAKE-LT.G1,GEN,Northwest
CALSTOCKGS-LT.G1,GEN,Northeast
CAMERONFALLS-LT.AG17,GEN,Northwest
CAMERONFALLS-LT.AG234,GEN,Northwest
CAMERONFALLS-LT.AG56,GEN,Northwest
CAMPBELL-LT.G_EASTVIEW,GEN,Southwest
CANYON-LT.AG145_A,GEN,Northeast
CANYON-LT.G2_A,GEN,Northeast
CANYON-LT.G3_A,GEN,Northeast
CARDINAL-LT.AG12,GEN,East
CARIBOUFALLS-LT.AG123,GEN,Northwest
CARMICHAEL-LT.G1,GEN,Northeast
CEDARPOINT-LT.AG_T1,GEN,Bruce
CHATSFALLS-LT.AG_115,GEN,East
CHATSFALLS-LT.AG_230,GEN,East
CHATSFALLS-LT.AG_Q4C,GEN,East
CHENAUX-LT.AG1234,GEN,East
CHENAUX-LT.AG5678,GEN,East
CLERGUE-LT.G1,GEN,Northeast
CLERGUE-LT.G2,GEN,Northeast
CLERGUE-LT.G3,GEN,Northeast
COMBER-LT.AG_T1,GEN,West
COMBER-LT.AG_T2,GEN,West
CRYSLER-LT.AG_T1,GEN,Ottawa
DARLINGTON-LT.G1,GEN,Toronto
DARLINGTON-LT.G2,GEN,Toronto
DARLINGTON-LT.G3,GEN,Toronto
DARLINGTON-LT.G4,GEN,Toronto
DARLINGTON-LT.SG1,GEN,Toronto
DARLINGTON-LT.SG2,GEN,Toronto
DARLINGTON-LT.SG3,GEN,Toronto
DARLINGTON-LT.SG4,GEN,Toronto
DAWATSON-LT.AG123,GEN,Northeast
DAWATSON-LT.AG456,GEN,Northeast
DECEWFALLS-LT.G1,GEN,Niagara
DECEWFALLS-LT.G2,GEN,Niagara
DECEWND1-LT.AG5678,GEN,Niagara
DESJOACHIMS-LT.AG12,GEN,Essa
DESJOACHIMS-LT.AG34,GEN,Essa
DESJOACHIMS-LT.AG56,GEN,Essa
DESJOACHIMS-LT.AG78,GEN,Essa
DESTEC-LT.G1,GEN,East
DESTEC-LT.G2,GEN,East
DILLON-LT.AG_T1,GEN,West
DOWCHEMICAL-LT.AG1245,GEN,West
DPNTMTLND-LT.G1,GEN,East
DRYDENWYRHSR-LT.AG12,GEN,Northwest
EARFALLS-LT.AG1234,GEN,Northwest
EASTLAKESCWF-LT.AG_T1,GEN,West
EASTWCGS-LT.G1,GEN,West
EASTWCGS-LT.G2,GEN,West
EEFW-LT.G1,GEN,Toronto
EEFW-LT.G2,GEN,Toronto
ELLWOODRSVC-LT.BATT_TG,GEN,Ottawa
EMPIRESF-LT.AG_T1,GEN,Northeast
ERIEAU-LT.AG_T1,GEN,West
FALLOWFIELD-LT.G_POWERTRAIL,GEN,Ottawa
FESTIVARSVC1-LT.BATT_TG,GEN,Southwest
FESTIVARSVC2-LT.BATT_TG,GEN,Southwest
FESTIVARSVC3-LT.BATT_TG,GEN,Southwest
FESTIVARSVC4-LT.BATT_TG,GEN,Southwest
FORTFRANCSWC-LT.AG12,GEN,Northwest
GARTSHORECGS-LT.G1,GEN,Northeast
GODERICH-LT.STRG_TG,GEN,Southwest
GOSFIELD-LT.AG_T1,GEN,West
GOSHEN-LT.AG_T1,GEN,Southwest
GOULAISWF-LT.AG_T1,GEN,Northeast
GRANDSF-LT.AG_T2,GEN,Southwest
GRANDVALLEY3-LT.AG_T1,GEN,Southwest
GRANDWF-LT.AG_T1,GEN,Southwest
GREENWICH-LT.AG_T1,GEN,Northwest
GREENWICH-LT.AG_T2,GEN,Northwest
HAMBEACH-LT.G_WOODWARD,GEN,Southwest
HARMON-LT.AG12_B,GEN,Northeast
HARMON-LT.G3,GEN,Northeast
HARRIS-LT.G1,GEN,Northeast
HEALEY-LT.AG_M4,GEN,East
HENVEYNORTH-LT.AG_T1N,GEN,Essa
HENVEYSOUTH-LT.AG_T1S,GEN,Essa
HNDCHUTE-LT.AG_M3,GEN,Northeast
HOGGCGS-LT.G1,GEN,Northeast
HOLDEN-LT.AG1234,GEN,Northeast
HOLDEN-LT.AG5678,GEN,Northeast
HOLINGSWTH-LT.G1,GEN,Northeast
JERICHO-LT.AG_T1,GEN,Bruce
K2WIND2-LT.AG_T20,GEN,Bruce
K2WIND5-LT.AG_T10,GEN,Bruce
KAKABEKA-LT.AG1234,GEN,Northwest
KINGSBRIDGE-LT.AG_T1,GEN,Southwest
KINGSBRIDGE-LT.AG_T2,GEN,Southwest
KINGSTONSF-LT.AG_T1,GEN,East
KIPLING-LT.AG12_B,GEN,Northeast
KIPLING-LT.G3,GEN,Northeast
KITCHENERSVC-LT.BATT_TG,GEN,Southwest
LAKESUPERIOR-LT.GTG1,GEN,Northeast
LAKESUPERIOR-LT.GTG2,GEN,Northeast
LAKESUPERIOR-LT.STG1,GEN,Northeast
LANDONWF-LT.AG_T1,GEN,West
LAUZON-LT.AG_EBUS,GEN,West
LAUZON-LT.AG_JBUS,GEN,West
LEAMINGTON-LT_GENSET,GEN,West
LENNOX-LT.CTG1,GEN,East
LENNOX-LT.CTG2,GEN,East
LENNOX-LT.G1,GEN,East
LENNOX-LT.G2,GEN,East
LENNOX-LT.G3,GEN,East
LENNOX-LT.G4,GEN,East
LISKEARD-LT.AG_A,GEN,Northeast
LISKEARD-LT.AG_B,GEN,Northeast
LISKEARD-LT.AG_C,GEN,Northeast
LITTLELONG-LT.AG12_B,GEN,Northeast
LITTLELONG-LT.G3,GEN,Northeast
LONGLAKESF-LT.AG_T1,GEN,Northeast
LONGSAULTE-LT.G1,GEN,Northeast
LOWERNOTCH-LT.AG12,GEN,Northeast
LOWERSTGN-LT.AG_F1,GEN,Northeast
LOWERWHITE-LT.AG_T1,GEN,Northwest
MACKAYCGS-LT.AG12,GEN,Northeast
MACKAYCGS-LT.G3,GEN,Northeast
MANITOUFALLS-LT.AG12345,GEN,Northwest
MANITOUWATS-TWIN-LT.AG12,GEN,Northwest
MARTINSMEDSF-LT.AG_T1,GEN,Northeast
MCLEANSMTNWF-LT.AG_T1,GEN,Northeast
MISSIONFLS-LT.G1,GEN,Northeast
MTNCHUTE-LT.AG12,GEN,East
NAGAGAMI-LT.G2,GEN,Northeast
NAMEWAMNKN-LT.AG_T1,GEN,Northwest
NANTSOLAR-LT.AG12,GEN,Southwest
NELSONCHP2-LT.TG,GEN,West
NIPIGONGS-LT.G1,GEN,Northwest
NKENT1WF-LT.AG_T1,GEN,West
NPIROQFALLS-LT.AG123,GEN,Northeast
NPKIRKLAND-LT.AG123,GEN,Northeast
NPKIRKLAND-LT.AG45,GEN,Northeast
NPKIRKLAND-LT.G6,GEN,Northeast
OTTERRAPIDS-LT.AG_115_A,GEN,Northeast
OTTERRAPIDS-LT.AG_230_A,GEN,Northeast
PAROCHES-LT.AG_T1,GEN,West
PARRYSOUND-LT.BATT_TG,GEN,Essa
PICKERINGA-LT.G1,GEN,Toronto
PICKERINGA-LT.G4,GEN,Toronto
PICKERINGB-LT.G5,GEN,Toronto
PICKERINGB-LT.G6,GEN,Toronto
PICKERINGB-LT.G7,GEN,Toronto
PICKERINGB-LT.G8,GEN,Toronto
PINEPORTAGE-LT.AG12,GEN,Northwest
PINEPORTAGE-LT.AG34,GEN,Northwest
PORTALMA-LT.AG_T1,GEN,West
PORTALMA2-LT.AG_T3,GEN,West
PRINCEFARM-LT.AG_T1,GEN,Northeast
PRINCEFARM2-LT.AG_T2,GEN,Northeast
PTBURWELL-LT.AG1,GEN,West
RAILBEDWF-LT.AG_SR,GEN,West
RAYNER-LT.AG12,GEN,Northeast
REDROCK-LT.AG12,GEN,Northeast
RIPLEYSOUTH-LT.AG_T3,GEN,Bruce
ROMNEYWF-LT.AG_T1,GEN,West
SANDUSK-LT.AG_T1,GEN,Southwest
SANDYFALLS-LT.G1,GEN,Northeast
SAULTRSVC-LT.BATT_TG,GEN,Northeast
SAUNDERS-LT.AG1234,GEN,East
SAUNDERS-LT.AG3456,GEN,East
SAUNDERS-LT.AG5678,GEN,East
SAUNDERS-LT.AG9012,GEN,East
SERPENT-LT.G1,GEN,Northeast
SHANNON-LT.AG_T1,GEN,Southwest
SIDNEY-LT.AG_M1,GEN,East
SILVERCRKSF-LT.AG_T1,GEN,West
SILVERFALLS-LT.G1,GEN,Northwest
SMOKYFALLS-LT.AG12,GEN,Northeast
SMOKYFALLS-LT.G3,GEN,Northeast
SMOOTHRKFCGS-LT.AG12,GEN,Northeast
SOUTHGATESF-LT.AG_T1,GEN,Southwest
SPENCECGS-LT.AG_T1,GEN,West
STCLAIRCGS-LT.AG_T3,GEN,West
STCLAIRCGS-LT.AG_T4,GEN,West
STEEPHILLF-LT.G1,GEN,Northeast
STEWARTVLE-LT.AG123,GEN,East
STEWARTVLE-LT.AG45,GEN,East
STONEMILLS-LT.AG_T1,GEN,East
STURGEONFALL-LT.G2,GEN,Northwest
SUMMERHAVEN-LT.AG_T1,GEN,Southwest
SUTHERLAND-LT.AG12,GEN,Northeast
TAOHSC-LT.AG2012,GEN,Ottawa
TASARNIA-LT.G861,GEN,West
TASARNIA-LT.G871,GEN,West
TASARNIA-LT.G881,GEN,West
TASARNIA-LT.G891,GEN,West
TAWINDSOR-LT.AG12,GEN,West
TBAYBOWATER-LT.AG36,GEN,Northwest
THOROLDGS-LT.AG12,GEN,Niagara
TUNISGS-LT.G1,GEN,Northeast
TWINNEY1-LT.BATT_TG,GEN,Essa
TWINNEY2-LT.BATT_TG,GEN,Essa
UMBATAFALLS-LT.AG_MPT1,GEN,Northwest
UNDERWOODWGS-LT.AG_T1,GEN,Bruce
UNDERWOODWGS-LT.AG_T2,GEN,Bruce
UPPERWHITE-LT.AG_T1,GEN,Northwest
VALRIEFALLS-LT.G1,GEN,Northwest
WAWAITIN-LT.AG_M8,GEN,Northeast
WAWATAY-LT.G1,GEN,Northwest
WELLS-LT.G1,GEN,Northeast
WELLS-LT.G2,GEN,Northeast
WESTLINWF-LT.AG_T1T2,GEN,Southwest
WESTWINDSOR-LT.AG12,GEN,West
WESTWINDSOR-LT.G3,GEN,West
WHITBYCGS-LT.G1,GEN,Toronto
WHITEDOG-LT.AG123,GEN,Northwest
WINDSORSF-LT.AG_T1,GEN,West
WOLFEISLAND-LT.AG_T1,GEN,East
YELLOWFALLS-LT.AG_T1,GEN,Northeast
YORKCGS-LT.G1,GEN,Essa
YORKCGS-LT.G2,GEN,Essa
ZURICH-LT.AG_T1,GEN,Southwest
PICKERINGAPS-LT.AG12,GEN,Toronto
VALRIEFALLS-LT.G2,GEN,Northwest
SERPENT-LT.G2,GEN,Northeast
LONGSAULTE-LT.G4,GEN,Northeast
LONGSAULTE-LT.G3,GEN,Northeast
LONGSAULTE-LT.G2,GEN,Northeast
NAGAGAMI-LT.G1,GEN,Northeast
WAWATAY-LT.G2,GEN,Northwest
WAWATAY-LT.G3,GEN,Northwest
NORTHBAYGS-LT.AG12,GEN,Northeast
TUNISGS-LT.G2,GEN,Northeast
ELMIRA-LT.BATT_TG,GEN,Southwest
BASINRSVC2-LT.BATT_TG,GEN,Toronto
BASINRSVC1-LT.BATT_TG,GEN,Toronto
NIPIGONGS-LT.G2,GEN,Northwest
CARMICHAEL-LT.G2,GEN,Northeast
JPII1-LT.BATT_TG,GEN,West
KAPGS-LT.AG12,GEN,Northeast
COCHRANECGS-LT.G2,GEN,Northeast
JBLCTS-LT.LFB13,LOAD,Niagara
DOFKENILWRTH-LT.LF78,LOAD,Southwest
RAINYRIVGLD-LT.LFAB,LOAD,Northwest
WEYERHAUS-LT.T1_LF,LOAD,Northwest
YOUNGDAVIDSN-LT.TT26,LOAD,Northeast
TBAYBOWATER-LT.AT2_LF,LOAD,Northwest
GRUBSTAKE-LT.T1_LF,LOAD,Northwest
PIKANGIKUM-LT.Q_70999-LF,LOAD,Northwest
KENILWORTH-LT.T23,LOAD,Southwest
FROOD-LT.T12,LOAD,Northeast
INCO4-LT.T12,LOAD,Northeast
HWY101-LT.LF123,LOAD,Northeast
NCARIBOULK-115.AG_LF,LOAD,Northwest
NCARIBOULK-LT.D1_LF,LOAD,Northwest
WILSON-LT.LFEZ,LOAD,Toronto
WILSON-LT.LFJQ,LOAD,Toronto
GODERICH-LT.LFQZ,LOAD,Southwest
PARRYSOUND-LT.T12,LOAD,Essa
BATLEMTNGOLD-LT.T1_LF,LOAD,Northeast
ADAMSBLVD-LT.L1_LF,LOAD,Southwest
MCMASTER-LT.LFQ12,LOAD,Southwest
REXDALE-LT.LFBEZY,LOAD,Toronto
ARMITAGE-LT.LFE,LOAD,Essa
GREENFIELD-LT.G1,GEN,West
GREENFIELD-LT.G2,GEN,West
GREENFIELD-LT.G3,GEN,West
GREENFIELD-LT.G4,GEN,West
GSPC-LT.G1,GEN,West
GSPC-LT.G2,GEN,West
GTAA-LT.G_M12,GEN,Toronto
GTAA-LT.G_M45,GEN,Toronto
GTAA-LT.G_M46,GEN,Toronto
HALTONHILLS-LT.G1,GEN,Southwest
HALTONHILLS-LT.G2,GEN,Southwest
HALTONHILLS-LT.G3,GEN,Southwest
NAPANEECGS-LT.G1,GEN,East
NAPANEECGS-LT.G2,GEN,East
NAPANEECGS-LT.G3,GEN,East
PORTLANDS-LT.G1,GEN,Toronto
PORTLANDS-LT.G2,GEN,Toronto
PORTLANDS-LT.G3,GEN,Toronto
SITHEG-LT.G11,GEN,Toronto
SITHEG-LT.G12,GEN,Toronto
SITHEG-LT.G13,GEN,Toronto
SITHEG-LT.G15,GEN,Toronto
ALLANBURG-LT.DRCTENGY_DRA,LOAD,Niagara
CHATHAM-LT.DRCTENGY_DRA,LOAD,West
CHERRYWOOD-LT.ALECTRA_DRA,LOAD,Toronto
CHERRYWOOD-LT.DRCTENGY_DRA,LOAD,Toronto
LAKEHEAD-LT.NRGCS_DRA,LOAD,Northwest
LENNOX-LT.DRCTENGY_DRA,LOAD,East
MIDDLEPORT-LT.DRCTENGY_DRA,LOAD,Southwest
FLAKEBOARD-LT.T1_LF,LOAD,Northeast
KIMBERCLARK-LT.T34_LF,LOAD,Northwest
MOOSELAKE-LT.T23_LF,LOAD,Northwest
MASTRONCTS-LT.LFB,LOAD,West
KIRKLANDLAKE-LT.T34,LOAD,Northeast
PANABRASIVES-LT.T1_LF,LOAD,Niagara
NEXTSTAR-LT.T12,LOAD,West
